received_at,topic,device_id,algorithm,sequence,payload_bytes,packet_index,source_mac,rssi,channel,frequency,frame_type,seen_count,parse_error,raw_payload
2026-06-08T14:14:49.414556+00:00,esp32/wifi/scan,esp32_ineficiente_001,ineficiente,387,202,0,C8:84:8C:4C:5A:E0,-58,1,2412,beacon,1,,
2026-06-08T14:15:41.710596+00:00,esp32/wifi/scan,esp32_001,eficiente,1,3617,0,C8:84:8C:4C:5A:E0,-58,1,2412,beacon,11,,
2026-06-08T14:15:41.710596+00:00,esp32/wifi/scan,esp32_001,eficiente,1,3617,1,C8:84:8C:4C:5A:E1,-58,1,2412,beacon,12,,
2026-06-08T14:15:41.710596+00:00,esp32/wifi/scan,esp32_001,eficiente,1,3617,2,C8:84:8C:4C:5A:E2,-58,1,2412,beacon,11,,
2026-06-08T14:15:41.710596+00:00,esp32/wifi/scan,esp32_001,eficiente,1,3617,3,C8:84:8C:4C:5A:E4,-58,1,2412,beacon,12,,
2026-06-08T14:15:41.710596+00:00,esp32/wifi/scan,esp32_001,eficiente,1,3617,4,B0:7C:51:58:68:41,-80,1,2412,beacon,5,,
2026-06-08T14:15:41.710596+00:00,esp32/wifi/scan,esp32_001,eficiente,1,3617,5,B0:7C:51:58:68:43,-81,1,2412,beacon,3,,
2026-06-08T14:15:41.710596+00:00,esp32/wifi/scan,esp32_001,eficiente,1,3617,6,B0:7C:51:58:68:42,-81,1,2412,beacon,4,,
2026-06-08T14:15:41.710596+00:00,esp32/wifi/scan,esp32_001,eficiente,1,3617,7,B0:7C:51:58:64:E2,-78,5,2432,beacon,15,,
2026-06-08T14:15:41.710596+00:00,esp32/wifi/scan,esp32_001,eficiente,1,3617,8,B0:7C:51:58:64:E0,-77,6,2437,beacon,11,,
2026-06-08T14:15:41.710596+00:00,esp32/wifi/scan,esp32_001,eficiente,1,3617,9,B0:7C:51:58:64:E1,-77,6,2437,beacon,14,,
2026-06-08T14:15:41.710596+00:00,esp32/wifi/scan,esp32_001,eficiente,1,3617,10,B0:7C:51:58:64:E3,-79,6,2437,beacon,10,,
2026-06-08T14:15:41.710596+00:00,esp32/wifi/scan,esp32_001,eficiente,1,3617,11,C8:84:8C:4C:5A:90,-88,6,2437,beacon,6,,
2026-06-08T14:15:41.710596+00:00,esp32/wifi/scan,esp32_001,eficiente,1,3617,12,CA:DD:6A:1A:62:C9,-53,11,2462,beacon,38,,
2026-06-08T14:15:41.710596+00:00,esp32/wifi/scan,esp32_001,eficiente,1,3617,13,CA:DD:6A:1A:60:73,-40,11,2462,beacon,32,,
2026-06-08T14:15:41.710596+00:00,esp32/wifi/scan,esp32_001,eficiente,1,3617,14,CA:DD:6A:1A:5F:65,-53,10,2457,probe_resp,30,,
2026-06-08T14:15:41.710596+00:00,esp32/wifi/scan,esp32_001,eficiente,1,3617,15,CA:DD:6A:1A:40:EB,-70,10,2457,beacon,21,,
2026-06-08T14:15:41.710596+00:00,esp32/wifi/scan,esp32_001,eficiente,1,3617,16,CA:DD:6A:1A:5F:2F,-60,11,2462,beacon,25,,
2026-06-08T14:15:41.710596+00:00,esp32/wifi/scan,esp32_001,eficiente,1,3617,17,CA:DD:6A:1A:5F:11,-61,11,2462,beacon,25,,
2026-06-08T14:15:41.710596+00:00,esp32/wifi/scan,esp32_001,eficiente,1,3617,18,CA:DD:6A:1C:B8:5B,-70,11,2462,probe_resp,14,,
2026-06-08T14:15:41.710596+00:00,esp32/wifi/scan,esp32_001,eficiente,1,3617,19,CA:DD:6A:1A:5F:C9,-71,11,2462,probe_resp,26,,
2026-06-08T14:15:41.710596+00:00,esp32/wifi/scan,esp32_001,eficiente,1,3617,20,F2:58:2E:02:4E:E1,-66,10,2457,probe_req,3,,
2026-06-08T14:15:41.710596+00:00,esp32/wifi/scan,esp32_001,eficiente,1,3617,21,CA:DD:6A:1A:5F:71,-86,11,2462,probe_resp,14,,
2026-06-08T14:15:41.710596+00:00,esp32/wifi/scan,esp32_001,eficiente,1,3617,22,CA:DD:6A:1A:5E:A9,-67,11,2462,probe_resp,22,,
2026-06-08T14:15:41.710596+00:00,esp32/wifi/scan,esp32_001,eficiente,1,3617,23,CA:DD:6A:1A:60:5B,-82,11,2462,beacon,12,,
2026-06-08T14:15:41.710596+00:00,esp32/wifi/scan,esp32_001,eficiente,1,3617,24,CA:DD:6A:1C:B8:53,-81,11,2462,beacon,15,,
2026-06-08T14:15:41.710596+00:00,esp32/wifi/scan,esp32_001,eficiente,1,3617,25,C8:84:8C:4C:5A:91,-89,6,2437,beacon,1,,
2026-06-08T14:15:41.710596+00:00,esp32/wifi/scan,esp32_001,eficiente,1,3617,26,C8:84:8C:4C:5A:92,-89,6,2437,beacon,3,,
2026-06-08T14:15:41.710596+00:00,esp32/wifi/scan,esp32_001,eficiente,1,3617,27,58:CD:C9:65:91:FB,-51,12,2467,probe_req,1,,
2026-06-08T14:15:41.710596+00:00,esp32/wifi/scan,esp32_001,eficiente,1,3617,28,6E:56:94:00:54:D1,-75,13,2472,probe_req,1,,
2026-06-08T14:15:41.710596+00:00,esp32/wifi/scan,esp32_001,eficiente,1,3617,29,82:B6:48:AB:4A:B4,-95,9,2452,probe_req,1,,
2026-06-08T14:15:41.710596+00:00,esp32/wifi/scan,esp32_001,eficiente,1,3617,30,72:F5:21:06:4A:86,-71,13,2472,probe_req,1,,
2026-06-08T14:16:24.095371+00:00,esp32/wifi/scan,esp32_001,eficiente,2,4404,0,B0:7C:51:58:68:42,-82,1,2412,beacon,9,,
2026-06-08T14:16:24.095371+00:00,esp32/wifi/scan,esp32_001,eficiente,2,4404,1,B0:7C:51:58:68:43,-82,1,2412,beacon,10,,
2026-06-08T14:16:24.095371+00:00,esp32/wifi/scan,esp32_001,eficiente,2,4404,2,C8:84:8C:4C:5A:E0,-59,1,2412,beacon,14,,
2026-06-08T14:16:24.095371+00:00,esp32/wifi/scan,esp32_001,eficiente,2,4404,3,C8:84:8C:4C:5A:E1,-59,1,2412,beacon,16,,
2026-06-08T14:16:24.095371+00:00,esp32/wifi/scan,esp32_001,eficiente,2,4404,4,C8:84:8C:4C:5A:E2,-59,1,2412,beacon,16,,
2026-06-08T14:16:24.095371+00:00,esp32/wifi/scan,esp32_001,eficiente,2,4404,5,C8:84:8C:4C:5A:E4,-59,1,2412,beacon,17,,
2026-06-08T14:16:24.095371+00:00,esp32/wifi/scan,esp32_001,eficiente,2,4404,6,B0:7C:51:58:68:41,-79,1,2412,beacon,7,,
2026-06-08T14:16:24.095371+00:00,esp32/wifi/scan,esp32_001,eficiente,2,4404,7,58:CD:C9:65:91:FB,-53,2,2417,probe_req,1,,
2026-06-08T14:16:24.095371+00:00,esp32/wifi/scan,esp32_001,eficiente,2,4404,8,B0:7C:51:58:64:E0,-80,5,2432,beacon,20,,
2026-06-08T14:16:24.095371+00:00,esp32/wifi/scan,esp32_001,eficiente,2,4404,9,B0:7C:51:58:64:E1,-79,6,2437,beacon,14,,
2026-06-08T14:16:24.095371+00:00,esp32/wifi/scan,esp32_001,eficiente,2,4404,10,B0:7C:51:58:64:E2,-79,6,2437,beacon,12,,
2026-06-08T14:16:24.095371+00:00,esp32/wifi/scan,esp32_001,eficiente,2,4404,11,B0:7C:51:58:64:E3,-80,6,2437,beacon,12,,
2026-06-08T14:16:24.095371+00:00,esp32/wifi/scan,esp32_001,eficiente,2,4404,12,C8:84:8C:4C:5A:90,-91,6,2437,beacon,3,,
2026-06-08T14:16:24.095371+00:00,esp32/wifi/scan,esp32_001,eficiente,2,4404,13,C8:84:8C:4C:5A:91,-87,6,2437,probe_resp,7,,
2026-06-08T14:16:24.095371+00:00,esp32/wifi/scan,esp32_001,eficiente,2,4404,14,C8:84:8C:4C:5A:92,-91,6,2437,beacon,3,,
2026-06-08T14:16:24.095371+00:00,esp32/wifi/scan,esp32_001,eficiente,2,4404,15,C8:84:8C:4C:5A:94,-90,6,2437,beacon,3,,
2026-06-08T14:16:24.095371+00:00,esp32/wifi/scan,esp32_001,eficiente,2,4404,16,AA:42:6B:B1:DF:CD,-54,6,2437,probe_req,1,,
2026-06-08T14:16:24.095371+00:00,esp32/wifi/scan,esp32_001,eficiente,2,4404,17,CA:DD:6A:1A:60:73,-40,12,2467,beacon,34,,
2026-06-08T14:16:24.095371+00:00,esp32/wifi/scan,esp32_001,eficiente,2,4404,18,CA:DD:6A:1A:5F:65,-52,11,2462,beacon,34,,
2026-06-08T14:16:24.095371+00:00,esp32/wifi/scan,esp32_001,eficiente,2,4404,19,CA:DD:6A:1A:5F:C9,-73,11,2462,beacon,26,,
2026-06-08T14:16:24.095371+00:00,esp32/wifi/scan,esp32_001,eficiente,2,4404,20,CA:DD:6A:1C:B8:5B,-70,10,2457,beacon,21,,
2026-06-08T14:16:24.095371+00:00,esp32/wifi/scan,esp32_001,eficiente,2,4404,21,CA:DD:6A:1A:5E:A9,-74,12,2467,beacon,20,,
2026-06-08T14:16:24.095371+00:00,esp32/wifi/scan,esp32_001,eficiente,2,4404,22,CA:DD:6A:1C:B8:53,-82,11,2462,beacon,7,,
2026-06-08T14:16:24.095371+00:00,esp32/wifi/scan,esp32_001,eficiente,2,4404,23,CA:DD:6A:1A:5F:2F,-64,11,2462,probe_resp,18,,
2026-06-08T14:16:24.095371+00:00,esp32/wifi/scan,esp32_001,eficiente,2,4404,24,CA:DD:6A:1A:5F:11,-62,11,2462,beacon,35,,
2026-06-08T14:16:24.095371+00:00,esp32/wifi/scan,esp32_001,eficiente,2,4404,25,CA:DD:6A:1A:40:EB,-66,10,2457,beacon,19,,
2026-06-08T14:16:24.095371+00:00,esp32/wifi/scan,esp32_001,eficiente,2,4404,26,42:77:DD:7A:C0:9E,-72,10,2457,probe_req,2,,
2026-06-08T14:16:24.095371+00:00,esp32/wifi/scan,esp32_001,eficiente,2,4404,27,CA:DD:6A:1A:60:5B,-78,11,2462,beacon,10,,
2026-06-08T14:16:24.095371+00:00,esp32/wifi/scan,esp32_001,eficiente,2,4404,28,CA:DD:6A:1A:62:C9,-53,11,2462,beacon,28,,
2026-06-08T14:16:24.095371+00:00,esp32/wifi/scan,esp32_001,eficiente,2,4404,29,CA:DD:6A:1A:5F:71,-86,10,2457,beacon,7,,
2026-06-08T14:16:24.095371+00:00,esp32/wifi/scan,esp32_001,eficiente,2,4404,30,A2:3B:7E:29:65:F3,-90,11,2462,probe_req,3,,
2026-06-08T14:16:24.095371+00:00,esp32/wifi/scan,esp32_001,eficiente,2,4404,31,62:CA:8F:6B:68:D5,-72,12,2467,probe_req,1,,
2026-06-08T14:16:24.095371+00:00,esp32/wifi/scan,esp32_001,eficiente,2,4404,32,FE:E7:EF:B8:5D:15,-67,12,2467,probe_req,1,,
2026-06-08T14:16:24.095371+00:00,esp32/wifi/scan,esp32_001,eficiente,2,4404,33,B0:7C:51:58:68:40,-83,1,2412,beacon,3,,
2026-06-08T14:16:24.095371+00:00,esp32/wifi/scan,esp32_001,eficiente,2,4404,34,2E:AD:96:44:65:25,-75,7,2442,probe_req,1,,
2026-06-08T14:16:24.095371+00:00,esp32/wifi/scan,esp32_001,eficiente,2,4404,35,C2:7F:F0:9D:61:FF,-77,7,2442,probe_req,1,,
2026-06-08T14:16:24.095371+00:00,esp32/wifi/scan,esp32_001,eficiente,2,4404,36,32:9D:C7:D8:93:D4,-86,9,2452,probe_req,1,,
2026-06-08T14:16:24.095371+00:00,esp32/wifi/scan,esp32_001,eficiente,2,4404,37,F2:58:2E:02:4E:E1,-74,13,2472,probe_req,1,,
